{
  "MAE": 37.405691462706045,
  "RMSE": 49.337659542451625,
  "R2": 0.30019178762340015
}